INSERT INTO TUSER (id,username,password,ROLE,enabled) VALUES
(1,'user1@gmail.com','User1',0,1),
(2,'user2@gmail.com','User2',0,1),
(3,'nazarette@skynet.be','Etablissement1',3,1),
(4,'resident1@gmail.com','Resident1',1,1),
(5,'resident2@gmail.com','Resident2',1,1),
(6,'resident3@gmail.com','Resident3',1,1),
(7,'josevan@gmail.com','Resident2',1,1),
(8,'descartes@gmail.com','Resident5',1,1),
(9,'jean232@gmail.com','Resident6',1,1),
(10,'anddescartes@gmail.com','Resident7',1,1),
(11,'personne1@gmail.com','Personne1',2,1),
(12,'personne2@gmail.com','Personne2',2,1),
(13,'personne3@gmail.com','Personne3',2,1),
(14,'personne4@gmail.com','Personne4',2,1),
(15,'personne5@gmail.com','Personne5',2,1),
(16,'personne6@gmail.com','Personne6',2,1),
(17,'personne7@gmail.com','Personne7',2,1),
(18,'personne8@gmail.com','Personne8',2,1),
(19,'pierre.ndjock@yahoo.com','Personne9',2,1),
(20,'sarah.smith@yahoo.com','Personne10',2,1),
(21,'julie.hubert@yahoo.com','Personne11',2,1),
(22,'juan.martinez@yahoo.com','Personne12',2,1),
(23,'hans.wagner@yahoo.com','Personne13',2,1),
(24,'lea.bernard@yahoo.com','Personne14',2,1),
(25,'ali.adamou@yahoo.com','Personne15',2,1)
ON DUPLICATE KEY UPDATE password = password;
/*
INSERT INTO TETABLISSEMENT(ID,NOM,EMAIL1,EMAIL2,TEL1,TEL2,ADRESSE,DATE_CREATION,FKUSER) VALUES
(1,'RESIDENCE NAZARETTE','nazarette@yahoo.com','nazarette@skynet.be','071124368','071165894','rue de lacombe 7,1000 Bruxelles','1990-04-24',3);


INSERT INTO TMEDECINTRAITANT(ID,NUM_INAMI,NOM,PRENOM,EMAIL,TEL1,TEL2,ADRESSE) VALUES
(1,'00012354879','VANDERKAM','Anne','anne@skynet.be','071419856','0497234512','rue dourlet 13,1020 Laeken'),
(2,'11987634221','GIWA','Myriam','giwamyr@yahoo.com','0475119393','078762390','rue lodelinsart 23,1040 Etterbeek'),
(3,'99001253675','LEJEUNE','Anasthasie','lejeune@skynet.be','0475119933','071238949','Chausée de lion 67,1000 Bruxelles'),
(4,'00097685143','LAVENS','Cathy','cathy@skynet.be','071238945','0712382390','chausée de gilly 18,1030 Schaerbeek'),
(5,'11134534221','TIHA','Pirson','pitiha@yahoo.com','0475112345','071952390','rue lodelinsart 23,1040 Bruxelles');


INSERT INTO TRESIDENT
(ID,NOM,PRENOM,DATE_NAISSANCE,EMAIL,TEL,ADRESSE,STATUT,DATE_ENTREE,MOTIF_ENTREE,ETAT_SANTE,ANT_MEDICAL,ANT_CHIRUGICAL,NB_ENFANT,CHAMBRE,FKMEDECIN_TRAITANT,FKUSER,FKETABLISSEMENT,ACTIF)
VALUES
(1,'DUPUIT', 'Marie', '1960-01-01', 'residen1@gmail.com', '0460001188', 'rue de joujoute 7, 1000 Bruxelles', 1, '2020-01-10', 'Répifamiliale', 'dégradation de l''état générale', 'Hypertension Artérielle, AVC', 'Hernie discale', 3, 253, 1,4, 1, 1),
(2,'DUPONT', 'Louis', '1943-08-10', 'residen2@gmail.com', '0465112233', 'rue du prince 7, 1000 Bruxelles', 2, '2019-08-12', 'Perte autonomie', 'normal', 'Chute, Hypercholestérolémie', 'Canal lombaire étroit', 0, 473,2 ,5, 1, 1),
(3,'VANDERKER', 'Vincent', '1940-04-10', 'residen3@gmail.com', '0496764533', 'rue de comber 7, 1020 Laeken', 0, '2022-03-23', 'Solitude', 'confusion', 'Maladie Alzheimer, Diabète de type 2', 'Appendice cecotomie, Prothèse totale de hanche', 2, 302, 3,6, 1, 1),
(4,'VANDERGE', 'Josephine', '1933-04-30', 'josevan@gmail.com', '0474332266', 'rue de lacombe 213, 1000 Bruxelles', 3, '2013-01-19', 'Décès du conjoint', 'Grabataire', 'Confusion, Insuffisance rénale', 'Cramiectomie', 1, 101,1 ,7, 1, 1),
(5,'DESCAETES', 'Julien', '1955-07-10', 'descartes@gmail.com', '0495231645', 'rue auguste snieders 3, 1030 Schaerbeek', 1, '2020-04-23', 'Dégradation de l''état générale', 'Grabataire', 'Cholécystite, Colite ischémique', 'Prothèse totale de genou', 4, 240, 4,8, 1, 1),
(6,'LAFONTAINE', 'Jean', '1930-05-04', 'jean232@gmail.com', '0457654433', 'rue de barchon 15, 1000 Bruxelles', 3, '2012-09-23', 'Repifamiliale', 'Grabataire', 'Infection urinaire, Arrêt cardiaque', 'Hernie hiatale, Amputation', 3, 234, 5,9, 1, 1),
(7,'DESCAETES', 'Andréa', '1963-04-16', 'anddescartes@gmail.com', '0497631645', 'rue auguste snieders 3, 1030 Schaerbeek', 1, '2020-04-23', 'Dégradation de l''état générale', 'Grabataire', 'Cholécystite, Colite ischémique', 'Prothèse totale de genou', 2, 240, 4,10, 1, 1);


INSERT INTO TPERSONNECONTACT(ID,NOM,PRENOM,DATE_NAISSANCE,EMAIL,TEL1,TEL2,ADRESSE,STATUT,CHOIX,FKUSER) VALUES
(1, 'TCHOLA', 'Rina', '1985-05-15', 'personne1@gmail.com', '+32465335698', '+32498576973', 'rue de Mons 12, 1070 Anderlecht', 0, 7, 11),
(2, 'SMITH', 'John', '1982-07-25', 'personne2@gmail.com', '+32123456789', '+32987654321', 'Avenue Louise 45, 1000 Brussels', 1, 1, 12),
(3, 'MARTIN', 'Sophie', '1990-09-12', 'personne3@gmail.com', '+32234567890', '+32198765432', 'Place Flagey 8, 1050 Ixelles', 1, 8, 13),
(4, 'SCHMITZ', 'Michael', '1975-06-18', 'personne4@gmail.com', '+49123456789', '+49987654321', 'Kaiserstraße 10, 10117 Berlin', 1, 6, 14),
(5, 'DUBOIS', 'Marie', '1988-11-30', 'personne5@gmail.com', '+33123456789', '+33298765432', 'Rue de la Liberté 22, 75001 Paris', 2, 3, 15),
(6, 'LEGRAND', 'Claude', '1990-04-05', 'personne6@gmail.com', '+33123456789', '+33198765432', 'Avenue des Champs-Élysées 18, 75008 Paris', 3, 4, 16),
(7, 'MÜLLER', 'Andreas', '1998-02-10', 'personne7@gmail.com', '+49123456789', '+49987654321', 'Am Tiergarten 4, 10117 Berlin', 0, 6, 17),
(8, 'MEIER', 'Elena', '1995-03-08', 'personne8@gmail.com', '+33123456789', '+33198765432', 'Rue de Paris 10, 75002 Paris', 1, 5, 18),
(9, 'NDJOCK', 'Pierre', '1979-10-20', 'pierre.ndjock@yahoo.com', '+237123456789', '+237987654321', 'Douala, Cameroon', 2, 11, 19),
(10, 'SMITH', 'Sarah', '1987-12-15', 'sarah.smith@yahoo.com', '+33123456789', '+33298765432', 'Avenue des Invalides 15, 75007 Paris', 2, 9, 20),
(11, 'HUBERT', 'Julie', '1991-03-22', 'julie.hubert@yahoo.com', '+32123456789', '+32198765432', 'Brusselsstraat 5, 1000 Brussels', 3, 6, 21),
(12, 'MARTINEZ', 'Juan', '1988-08-05', 'juan.martinez@yahoo.com', '+33123456789', '+33198765432', 'Marseille, France', 0, 3, 22),
(13, 'WAGNER', 'Hans', '2000-01-10', 'hans.wagner@yahoo.com', '+49123456789', '+49198765432', 'Frankfurt, Germany', 1, 4, 23),
(14, 'BERNARD', 'Léa', '1986-06-14', 'lea.bernard@yahoo.com', '+32123456789', '+32298765432', 'Avenue de la Liberté 30, 1000 Brussels', 2, 7, 24),
(15, 'ADAMOU', 'Ali', '1970-12-28', 'ali.adamou@yahoo.com', '+237555555555', '+237444444444', 'Yaoundé, Cameroon', 0, 6, 25),
(16, 'LAVENS','Cathy','1975-12-04','cathy@skynet.be','+3271238945','+32712382390','Chausée de Gilly 18, 1030 Schaerbeek', 0, 9);


INSERT INTO TLIAISON(FKRESIDENT,FKPERSONNECONTACT) VALUES
(1,1),(1,2),(1,3),(1,4),(1,5),
(1,3),(1,7),(1,6),
(1,8),
(1,9),(1,10),
(1,11),(1,12),(1,13),(1,16),
(1,15),
(1,13),(1,14),(1,12),(1,16);

INSERT INTO TMENU (ID, DATE_DEBUT_SEMAINE, MENU_DIMANCHE, MENU_JEUDI, MENU_LUNDI, MENU_MARDI, MENU_MERCREDI, MENU_SAMEDI, MENU_VENDREDI, FKETABLISSEMENT) VALUES
(1, '2023-09-11', 'repas de fête, champagne, gâteau aux fraises, musique live', 'soupe de légumes, poulet rôti avec haricots verts, salade de fruits', 'gratin de courgettes, bœuf bourguignon avec pommes de terre, tarte aux cerises', 'velouté de brocoli, poisson grillé avec riz, compote de pommes', 'soupe aux oignons, poulet à l''estragon avec purée de carottes, crème au chocolat', 'soupe de poireaux, lasagne aux légumes, mousse au chocolat', 'soupe de carottes, poisson pané avec purée de brocoli, yaourt aux fruits', 1),
(2, '2023-09-18', 'spaghetti bolognese, salade verte, tarte aux pommes', 'soupe de légumes, poulet rôti avec pommes de terre, salade de fruits', 'potage aux champignons, steak haché avec haricots verts, glace à la vanille', 'crème de courgettes, poisson grillé avec riz, compote de pommes', 'soupe aux oignons, poulet curry avec riz, crème caramel', 'soupe de potiron, spaghetti bolognese, mousse au chocolat', 'soupe de carottes, poisson pané avec purée de brocoli, yaourt aux fruits', 1),
(3, '2023-09-25', 'lasagne aux légumes, salade verte, tarte aux cerises', 'soupe de légumes, poulet rôti avec haricots verts, salade de fruits', 'gratin de courgettes, bœuf bourguignon avec pommes de terre, crème brûlée', 'velouté de brocoli, poisson grillé avec riz, compote de poires', 'soupe à la tomate, poulet à l''estragon avec purée de carottes, crème au chocolat', 'soupe de poireaux, lasagne aux légumes, salade de fruits', 'soupe de potiron, poisson pané avec purée de brocoli, yaourt aux fruits', 1),
(4, '2023-10-02', 'soupe de légumes, poulet rôti avec pommes de terre, salade de fruits', 'soupe de légumes, poulet rôti avec haricots verts, salade de fruits', 'omelette aux champignons, steak haché avec haricots verts, glace à la vanille', 'crème de courgettes, poisson grillé avec riz, compote de pommes', 'soupe aux oignons, poulet curry avec riz, crème caramel', 'soupe de potiron, lasagne aux légumes, mousse au chocolat', 'soupe de carottes, poisson pané avec purée de brocoli, yaourt aux fruits', 1),
(5, '2023-10-09', 'gratin de courgettes, bœuf bourguignon avec pommes de terre, tarte aux cerises', 'soupe de légumes, poulet rôti avec haricots verts, salade de fruits', 'lasagne aux légumes, steak haché avec haricots verts, glace à la vanille', 'velouté de brocoli, poisson grillé avec riz, compote de pommes', 'soupe aux oignons, poulet à l''estragon avec purée de carottes, crème au chocolat', 'soupe de poireaux, spaghetti bolognese, salade de fruits', 'soupe de carottes, poisson pané avec purée de brocoli, yaourt aux fruits', 1),
(6, '2023-10-16', 'soupe à la tomate, poulet à l''estragon avec purée de carottes, crème au chocolat', 'soupe de poireaux, lasagne aux légumes, salade de fruits', 'soupe de potiron, poisson pané avec purée de brocoli, yaourt aux fruits', 'gratin de courgettes, bœuf bourguignon avec pommes de terre, tarte aux cerises', 'soupe de légumes, poulet rôti avec haricots verts, salade de fruits', 'omelette aux champignons, steak haché avec haricots verts, glace à la vanille', 'crème de courgettes, poisson grillé avec riz, compote de pommes', 1),
(7, '2023-10-23', 'potage aux champignons, steak haché avec haricots verts, glace à la vanille', 'soupe aux oignons, poulet curry avec riz, crème caramel', 'soupe de potiron, lasagne aux légumes, mousse au chocolat', 'gratin de courgettes, bœuf bourguignon avec pommes de terre, tarte aux cerises', 'soupe de légumes, poulet rôti avec pommes de terre, salade de fruits', 'soupe de légumes, poulet rôti avec haricots verts, salade de fruits', 'omelette aux champignons, steak haché avec haricots verts, glace à la vanille', 1),
(8, '2023-10-30', 'crème de courgettes, poisson grillé avec riz, compote de pommes', 'soupe aux oignons, poulet curry avec riz, crème caramel', 'soupe de poireaux, spaghetti bolognese, salade de fruits', 'potage aux champignons, steak haché avec haricots verts, glace à la vanille', 'soupe de légumes, poulet rôti avec pommes de terre, salade de fruits', 'soupe de légumes, poulet rôti avec haricots verts, salade de fruits', 'omelette aux champignons, steak haché avec haricots verts, glace à la vanille', 1),
(9, '2023-11-06', 'velouté de brocoli, poisson grillé avec riz, compote de pommes', 'soupe de poireaux, spaghetti bolognese, salade de fruits', 'soupe de carottes, poisson pané avec purée de brocoli, yaourt aux fruits', 'crème de courgettes, poisson grillé avec riz, compote de pommes', 'soupe aux oignons, poulet curry avec riz, crème caramel', 'soupe de légumes, poulet rôti avec pommes de terre, salade de fruits', 'soupe de légumes, poulet rôti avec haricots verts, salade de fruits', 1),
(10,'2023-11-13', 'lasagne aux légumes, salade verte, tarte aux cerises', 'gratin de courgettes, bœuf bourguignon avec pommes de terre, tarte aux cerises', 'soupe de légumes, poulet rôti avec pommes de terre, salade de fruits', 'soupe de légumes, poulet rôti avec haricots verts, salade de fruits', 'omelette plate , riz cantonais avec poulet, soupe au legumes', 'omelette aux champignons, steak haché avec haricots verts, glace à la vanille', 'crème de courgettes, poisson grillé avec riz, compote de pommes', 1);


INSERT INTO TACTIVITE(ID, DATE_A, NOM, FKETABLISSEMENT) VALUES
(1, '2023-06-05 10:00:00', 'Yoga matinal', 1),
(2, '2023-06-07 14:30:00', 'Atelier de peinture', 1),
(3, '2023-06-12 11:00:00', 'Jeux de société', 1),
(4, '2023-06-15 15:00:00', 'Séance de musique live', 1),
(5, '2023-06-18 14:00:00', 'Promenade dans le jardin', 1),
(6, '2023-06-20 16:30:00', 'Lecture de contes', 1),
(7, '2023-06-25 10:30:00', 'Gymnastique douce', 1),
(8, '2023-06-30 12:30:00', 'Anniversaires du mois', 1),
(9, '2023-07-03 14:00:00', 'Cinéma après-midi', 1),
(10, '2023-07-07 11:30:00', 'Journée de jeux de cartes', 1),
(11, '2023-07-11 15:00:00', 'Séance de danse en ligne', 1),
(12, '2023-07-15 12:00:00', 'Discussion de groupe', 1),
(13, '2023-07-18 16:30:00', 'Artisanat créatif', 1),
(14, '2023-07-21 13:00:00', 'Musique classique en direct', 1),
(15, '2023-07-27 10:30:00', 'Atelier de cuisine', 1),
(16, '2023-07-31 12:00:00', 'Anniversaires du mois', 1),
(17, '2023-08-05 10:00:00', 'Yoga matinal', 1),
(18, '2023-08-07 14:30:00', 'Atelier de peinture', 1),
(19, '2023-08-12 11:00:00', 'Jeux de société', 1),
(20, '2023-08-15 15:00:00', 'Séance de musique live', 1),
(21, '2023-08-18 14:00:00', 'Promenade dans le jardin', 1),
(22, '2023-08-20 16:30:00', 'Lecture de contes', 1),
(23, '2023-08-25 10:30:00', 'Gymnastique douce', 1),
(24, '2023-08-31 12:00:00', 'Anniversaires du mois', 1),
(25, '2023-09-05 14:00:00', 'Cinéma après-midi', 1),
(26, '2023-09-09 11:30:00', 'Journée de jeux de cartes', 1),
(27, '2023-09-13 15:00:00', 'Séance de danse en ligne', 1),
(28, '2023-09-17 12:00:00', 'Discussion de groupe', 1),
(29, '2023-09-21 16:30:00', 'Artisanat créatif', 1),
(30, '2023-09-25 13:00:00', 'Musique classique en direct', 1),
(31, '2023-09-29 10:30:00', 'Atelier de cuisine', 1),
(32, '2023-09-30 12:00:00', 'Anniversaires du mois', 1),
(33, '2023-10-05 10:00:00', 'Yoga matinal', 1),
(34, '2023-10-07 14:30:00', 'Atelier de peinture', 1),
(35, '2023-10-12 11:00:00', 'Jeux de société', 1),
(36, '2023-10-15 15:00:00', 'Séance de musique live', 1),
(37, '2023-10-18 14:00:00', 'Promenade dans le jardin', 1),
(38, '2023-10-20 16:30:00', 'Lecture de contes', 1),
(39, '2023-10-25 10:30:00', 'Gymnastique douce', 1),
(40, '2023-10-31 12:00:00', 'Anniversaires du mois', 1),
(41, '2023-11-05 10:00:00', 'Yoga matinal', 1),
(42, '2023-11-07 14:30:00', 'Atelier de peinture', 1),
(43, '2023-11-12 11:00:00', 'Jeux de société', 1),
(44, '2023-11-15 15:00:00', 'Séance de musique live', 1),
(45, '2023-11-18 14:00:00', 'Promenade dans le jardin', 1),
(46, '2023-11-20 16:30:00', 'Lecture de contes', 1),
(47, '2023-11-25 10:30:00', 'Gymnastique douce', 1),
(48, '2023-11-30 12:30:00', 'Anniversaires du mois', 1),
(49, '2023-12-05 14:00:00', 'Cinéma après-midi', 1),
(50, '2023-12-07 11:30:00', 'Journée de jeux de cartes', 1);


INSERT INTO TEVENEMENT(ID,DATE_EVENT,NOM,FKETABLISSEMENT) VALUESINSERT INTO TEVENEMENT (ID, DATE_EVENT, NOM, FKETABLISSEMENT) VALUES
(1, '2023-02-14', 'Saint-Valentin', 1),
(2, '2023-04-07', 'Vendredi Saint', 1),
(3, '2023-04-10', 'Lundi de Pâques', 1),
(4, '2023-05-01', 'Fête du Travail', 1),
(5, '2023-05-25', 'Ascension', 1),
(6, '2023-06-05', 'Pentecôte', 1),
(7, '2023-07-21', 'Fête nationale belge', 1),
(8, '2023-08-15', 'Assomption', 1),
(9, '2023-11-01', 'Toussaint', 1),
(10, '2023-12-25', 'Noël', 1),
(11, '2023-05-08', 'Journée de la Victoire', 1),
(12, '2023-02-23', 'Journée Internationale des Livres pour Enfants', 1),
(13, '2023-11-11', 'Jour de l Armistice', 1),
(14, '2023-02-28', 'Anniversaire de DUPUIT Marie', 1),
(15, '2023-08-10', 'Anniversaire de DUPONT Louis', 1),
(16, '2023-04-10', 'Anniversaire de VANDERKER Vincent', 1),
(17, '2023-04-30', 'Anniversaire de VANDERGE Josephine', 1),
(18, '2023-07-10', 'Anniversaire de DESCAETES Julien', 1),
(19, '2023-05-04', 'Anniversaire de LAFONTAINE Jean', 1),
(20, '2023-04-16', 'Anniversaire de DESCAETES Andréa', 1),
(21, '2023-02-14', 'Atelier artisanal', 1),
(22, '2023-03-08', 'Journée de la Femme', 1),
(23, '2023-06-01', 'Journée Internationale des Enfants', 1),
(24, '2023-09-21', 'Journée Internationale de la Paix', 1),
(25, '2023-10-01', 'Journée des Personnes Âgées', 1),
(26, '2023-11-15', 'Atelier de musique', 1),
(27, '2023-12-31', 'Réveillon du Nouvel An', 1),
(28, '2023-01-01', 'Nouvel An', 1),
(29, '2023-02-21', 'Lundi de Carnaval', 1),
(30, '2023-04-21', 'Journée du Roi', 1),
(31, '2023-05-15', 'Lundi de Pentecôte', 1),
(32, '2023-07-11', 'Fête de la Communauté flamande', 1),
(33, '2023-07-15', 'Fête de la Communauté française', 1),
(34, '2023-09-27', 'Journée de la Fédération Wallonie-Bruxelles', 1),
(35, '2023-10-31', 'Halloween', 1),
(36, '2023-11-02', 'Jour des Défunts', 1),
(37, '2023-12-06', 'Saint-Nicolas', 1),
(38, '2023-03-21', 'Journée Internationale pour l''Élimination de la Discrimination Raciale', 1),
(39, '2023-04-26', 'Journée Mondiale de la Propriété Intellectuelle', 1),
(40, '2023-06-20', 'Journée Mondiale des Réfugiés', 1),
(41, '2023-09-21', 'Journée Internationale de la Paix', 1),
(42, '2023-03-25', 'Atelier de peinture', 1),
(43, '2023-07-12', 'Journée Internationale de la Jeunesse', 1),
(44, '2023-08-19', 'Journée Mondiale de la Photographie', 1),
(45, '2023-10-02', 'Journée Internationale de la Non-Violence', 1),
(46, '2023-12-03', 'Atelier de jardinage', 1);


IINSERT INTO TRAPPORTVISITE (ID, COMMENTAIRE, DATE_BIRTH_RESID, DATE_VISITE, NOM_RESID, NOM_VISITEUR, PRENOM_RESID, TYPE_PERSONNE, FKETABLISSEMENT) VALUES
(1, 'Je suis venu rendre visite à Marie Dupuit aujourd''hui. Malheureusement, elle semble toujours se sentir très seule et déprimée.', '1960-01-01', '2023-02-15', 'DUPUIT', 'Robert', 'Marie', 4, 1),
(2, 'Louis Dupont semble avoir besoin d''une meilleure assistance. Il ne reçoit pas assez d''attention de la part du personnel.', '1943-08-10', '2023-02-18', 'DUPONT', 'Sophie', 'Louis', 3, 1),
(3, 'La visite à Vincent Vanderker s''est bien passée. Il est en bonne forme et profite de ses journées.', '1940-04-10', '2023-03-05', 'VANDERKER', 'Caroline', 'Vincent', 7, 1),
(4, 'Josephine Vanderge semble avoir des problèmes de mobilité. Elle a besoin de plus d''attention et de soins.', '1933-04-30', '2023-03-10', 'VANDERGE', 'Martin', 'Josephine', 10, 1),
(5, 'Julien Descaetes est toujours plein d''énergie. Il participe activement aux activités et semble heureux.', '1955-07-10', '2023-04-02', 'DESCAETES', 'Elodie', 'Julien', 3, 1),
(6, 'Jean Lafontaine semble désorienté ces derniers temps. Il pourrait avoir besoin de plus d''assistance.', '1930-05-04', '2023-04-15', 'LAFONTAINE', 'Marc', 'Jean', 9, 1),
(7, 'Andréa Descaetes a passé une journée agréable. Elle apprécie la compagnie et les activités proposées.', '1963-04-16', '2023-05-10', 'DESCAETES', 'Sophie', 'Andréa', 5, 1),
(8, 'Marie Dupuit ne semble pas être bien soignée. Son hygiène personnelle laisse à désirer.', '1960-01-01', '2023-06-02', 'DUPUIT', 'Jean', 'Marie', 9, 1),
(9, 'Louis Dupont n''est pas satisfait des repas qui lui sont servis. Il se plaint de la qualité de la nourriture.', '1943-08-10', '2023-06-20', 'DUPONT', 'Marie', 'Louis', 3, 1),
(10, 'Vincent Vanderker a besoin de plus d''activités sociales. Il se sent isolé la plupart du temps.', '1940-04-10', '2023-07-07', 'VANDERKER', 'Alexandre', 'Vincent', 6, 1),
(11, 'Josephine Vanderge a des problèmes de sommeil. Elle a besoin d''une assistance nocturne.', '1933-04-30', '2023-07-15', 'VANDERGE', 'Sophie', 'Josephine', 6, 1),
(12, 'Julien Descaetes semble avoir des douleurs chroniques. Il pourrait bénéficier de séances de kinésithérapie régulières.', '1955-07-10', '2023-08-10', 'DESCAETES', 'Marie', 'Julien', 10, 1),
(13, 'Jean Lafontaine apprécie les activités musicales. Il est de bonne humeur quand il écoute de la musique.', '1930-05-04', '2023-08-25', 'LAFONTAINE', 'Thomas', 'Jean', 7, 1),
(14, 'Andréa Descaetes se sent seule. Elle a besoin de plus de visiteurs et de compagnie.', '1963-04-16', '2023-09-05', 'DESCAETES', 'Sophie', 'Andréa', 4, 1),
(15, 'Marie Dupuit ne reçoit pas suffisamment de soins médicaux. Sa santé nécessite une attention plus régulière.', '1960-01-01', '2023-09-22', 'DUPUIT', 'Jean', 'Marie', 9, 1),
(16, 'Louis Dupont se plaint du bruit dans la résidence. Il a du mal à se reposer.', '1943-08-10', '2023-10-10', 'DUPONT', 'Marie', 'Louis', 5, 1),
(17, 'Vincent Vanderker a besoin de plus d''activités physiques pour maintenir sa mobilité.', '1940-04-10', '2023-10-28', 'VANDERKER', 'Alexandre', 'Vincent', 10, 1),
(18, 'Josephine Vanderge se sent souvent triste. Elle a besoin de soutien émotionnel.', '1933-04-30', '2023-11-15', 'VANDERGE', 'Sophie', 'Josephine', 6, 1),
(19, 'Julien Descaetes a des problèmes de sommeil. Il nécessite une évaluation médicale approfondie.', '1955-07-10', '2023-11-30', 'DESCAETES', 'Marie', 'Julien', 9, 1),
(20, 'Jean Lafontaine apprécie les activités de jardinage. Cela le rend heureux de passer du temps dans le jardin.', '1930-05-04', '2023-12-10', 'LAFONTAINE', 'Thomas', 'Jean', 7, 1);
*/